"Číslo";"Název";"Země";"Typ";"Prodejní místa (název a web)"
"1";"Zbojnícka chata";"Slovenská Republika";"Turistická známka";""
"2";"Rainerova chata";"Slovenská Republika";"Turistická známka";""
"3";"Bilíkova chata";"Slovenská Republika";"Turistická známka";""
"4";"Hrebienok";"Slovenská Republika";"Turistická známka";""
"5";"Lomnický štít";"Slovenská Republika";"Turistická známka";""
"6";"Skalnatá chata";"Slovenská Republika";"Turistická známka";""
"7";"Popradské Pleso";"Slovenská Republika";"Turistická známka";""
"8";"Zamkovského chata";"Slovenská Republika";"Turistická známka";""
"9";"Chata pri Zelenom plese";"Slovenská Republika";"Turistická známka";""
"10";"Horský hotel Sliezsky dom - Vysoké tatry";"Slovenská Republika";"Turistická známka";""
"11";"EXPOZÍCIA TATRANSKEJ PRÍRODY - TATRANSKÁ LOMNICA - VYSOKÉ TATRY";"Slovenská Republika";"Turistická známka";""
"12";"Mesto Vysoké Tatry";"Slovenská Republika";"Turistická známka";""
"13";"Symbolický cintorín pri Popradskom plese";"Slovenská Republika";"Turistická známka";""
"14";"Chata pod Soliskom";"Slovenská Republika";"Turistická známka";""
"15";"Téryho chata";"Slovenská Republika";"Turistická známka";""
"16";"Chata pod Rysmi";"Slovenská Republika";"Turistická známka";""
"17";"Múzeum TANAPu";"Slovenská Republika";"Turistická známka";""
"18";"Štrbské Pleso";"Slovenská Republika";"Turistická známka";""
"19";"Šindľovec";"Slovenská Republika";"Turistická známka";""
"20";"Ťatliakovo jazero";"Slovenská Republika";"Turistická známka";""
"21";"Chata Zverovka";"Slovenská Republika";"Turistická známka";""
"22";"Múzeum oravskej dediny - Zuberec";"Slovenská Republika";"Turistická známka";""
"23";"Žiarska chata";"Slovenská Republika";"Turistická známka";""
"24";"Roháčsky vodopád - Západné Tatry";"Slovenská Republika";"Turistická známka";""
"25";"Roháčska dolina";"Slovenská Republika";"Turistická známka";""
"26";"Ostrý Roháč 2088 m n.m.";"Slovenská Republika";"Turistická známka";""
"27";"Horská chata Limba";"Slovenská Republika";"Turistická známka";""
"28";"Sokolská chata nad Tajovom";"Slovenská Republika";"Turistická známka";""
"29";"Kremnické Bane, stred Európy";"Slovenská Republika";"Turistická známka";""
"30";"Javorníky-Veľký Javorník";"Slovenská Republika";"Turistická známka";""
"31";"Veľké Rovné";"Slovenská Republika";"Turistická známka";""
"32";"Chata Čertov 2";"Slovenská Republika";"Turistická známka";""
"33";"PR Ostrá skala";"Slovenská Republika";"Turistická známka";""
"34";"Veľká Rača - Oščadnica";"Slovenská Republika";"Turistická známka";""
"35";"Mesto Čadca";"Slovenská Republika";"Turistická známka";""
"36";"Makov";"Slovenská Republika";"Turistická známka";""
"37";"Veľká Rača";"Slovenská Republika";"Turistická známka";""
"38";"Múzeum Kysuckej dediny";"Slovenská Republika";"Turistická známka";""
"39";"Chata Kmínek";"Slovenská Republika";"Turistická známka";""
"40";"Bumbálka - Beskydy";"Slovenská Republika";"Turistická známka";""
"41";"Náučný chodník v NPR";"Slovenská Republika";"Turistická známka";""
"42";"Historická lesná úvraťová železnica Nová Bystrica Vychylovka";"Slovenská Republika";"Turistická známka";""
"43";"Ľubovniansky skanzen";"Slovenská Republika";"Turistická známka";""
"44";"Gotická brána - Súľovské skaly";"Slovenská Republika";"Turistická známka";""
"45";"Košiarny Briežok";"Slovenská Republika";"Turistická známka";""
"46";"Tomášovský výhľad";"Slovenská Republika";"Turistická známka";""
"47";"Podlesok";"Slovenská Republika";"Turistická známka";""
"48";"Hrabušice";"Slovenská Republika";"Turistická známka";""
"49";"NPR Piecky";"Slovenská Republika";"Turistická známka";""
"50";"NPR Suchá Belá";"Slovenská Republika";"Turistická známka";""
"51";"Dedinky";"Slovenská Republika";"Turistická známka";""
"52";"NPR Dreveník";"Slovenská Republika";"Turistická známka";""
"53";"Spišský salaš";"Slovenská Republika";"Turistická známka";""
"54";"Kováčova vila";"Slovenská Republika";"Turistická známka";""
"55";"Uloža";"Slovenská Republika";"Turistická známka";""
"56";"Nižné Kamence - Malá Fatra";"Slovenská Republika";"Turistická známka";""
"57";"Pltník";"Slovenská Republika";"Turistická známka";""
"58";"Červený Kláštor";"Slovenská Republika";"Turistická známka";""
"59";"Chata Pieniny - Lesnica";"Slovenská Republika";"Turistická známka";""
"60";"Haligovce";"Slovenská Republika";"Turistická známka";""
"61";"Červený Kláštor - Pltníctvo Dunajec";"Slovenská Republika";"Turistická známka";""
"62";"Jasná-chata Záhradky";"Slovenská Republika";"Turistická známka";""
"63";"Jasná-Mikulášska chata";"Slovenská Republika";"Turistická známka";""
"64";"Chata Trangoška - Nízké Tatry";"Slovenská Republika";"Turistická známka";""
"65";"Chopok - juh, chata Kosodrevina";"Slovenská Republika";"Turistická známka";""
"66";"Útulňa pod Chabencom - Nízke Tatry";"Slovenská Republika";"Turistická známka";""
"67";"Chata M.R.Štefánika pod Ďumbierom";"Slovenská Republika";"Turistická známka";""
"68";"Kamenná chata pod Chopkom";"Slovenská Republika";"Turistická známka";""
"69";"Demänovská dolina";"Slovenská Republika";"Turistická známka";""
"70";"Jasná";"Slovenská Republika";"Turistická známka";""
"71";"Špania Dolina";"Slovenská Republika";"Turistická známka";""
"72";"Radovica";"Slovenská Republika";"Turistická známka";""
"73";"NPR Ďumbier";"Slovenská Republika";"Turistická známka";""
"74";"Chopok - Nízke Tatry";"Slovenská Republika";"Turistická známka";""
"75";"Jasná 1226m-Priehyba 1342, Nízke Tatry";"Slovenská Republika";"Turistická známka";""
"76";"Malinô Brdo";"Slovenská Republika";"Turistická známka";""
"77";"Gaderská dolina";"Slovenská Republika";"Turistická známka";""
"78";"Donovaly";"Slovenská Republika";"Turistická známka";""
"79";"Chata pod Borišovom";"Slovenská Republika";"Turistická známka";""
"80";"Jasenská Dolina";"Slovenská Republika";"Turistická známka";""
"81";"Chata pod Suchým";"Slovenská Republika";"Turistická známka";""
"82";"Chata pod Chlebom";"Slovenská Republika";"Turistická známka";""
"83";"Chata na Grúni";"Slovenská Republika";"Turistická známka";""
"84";"Terchová";"Slovenská Republika";"Turistická známka";""
"85";"Kúpele Rajecké Teplice";"Slovenská Republika";"Turistická známka";""
"86";"Kľak";"Slovenská Republika";"Turistická známka";""
"87";"Chata Žiar";"Slovenská Republika";"Turistická známka";""
"88";"Valčianska dolina";"Slovenská Republika";"Turistická známka";""
"89";"Vrátna - Snilovské sedlo";"Slovenská Republika";"Turistická známka";""
"90";"Kriváň";"Slovenská Republika";"Turistická známka";""
"91";"Kôprovský štít";"Slovenská Republika";"Turistická známka";""
"92";"Furkotský štít";"Slovenská Republika";"Turistická známka";""
"93";"Veľká Svišťovka";"Slovenská Republika";"Turistická známka";""
"94";"Jahňací štít";"Slovenská Republika";"Turistická známka";""
"95";"Rysy";"Slovenská Republika";"Turistická známka";""
"96";"Východná Vysoká";"Slovenská Republika";"Turistická známka";""
"97";"Slavkovský štít";"Slovenská Republika";"Turistická známka";""
"98";"Predné Solisko";"Slovenská Republika";"Turistická známka";""
"99";"Gerlachovský štít";"Slovenská Republika";"Turistická známka";""
"100";"Bešeňová";"Slovenská Republika";"Turistická známka";""
"101";"Vodný mlyn Kolárovo";"Slovenská Republika";"Turistická známka";""
"102";"Čiernohronská železnica";"Slovenská Republika";"Turistická známka";""
"103";"Liptovská Mara - Havránok";"Slovenská Republika";"Turistická známka";""
"104";"Roľnícky dom Vlkolínec";"Slovenská Republika";"Turistická známka";""
"105";"Maša Liptovský Hrádok";"Slovenská Republika";"Turistická známka";""
"106";"Expozícia ovčiarstva Lipt. Hrádok";"Slovenská Republika";"Turistická známka";""
"107";"Povážska lesná úzkokoľajka";"Slovenská Republika";"Turistická známka";""
"108";"Tornaľa - Morské oko";"Slovenská Republika";"Turistická známka";""
"109";"Slanický ostrov umenia";"Slovenská Republika";"Turistická známka";""
"110";"Mauzóleum Andrássyovcov - Krásnohorské Podhradie";"Slovenská Republika";"Turistická známka";""
"111";"Nový Smokovec";"Slovenská Republika";"Turistická známka";""
"112";"Starý Smokovec";"Slovenská Republika";"Turistická známka";""
"113";"Štrbské Pleso";"Slovenská Republika";"Turistická známka";""
"114";"Tatranská Lomnica";"Slovenská Republika";"Turistická známka";""
"115";"Tatranské Matliare";"Slovenská Republika";"Turistická známka";""
"116";"Tatranská Kotlina";"Slovenská Republika";"Turistická známka";""
"117";"Tatranská Javorina";"Slovenská Republika";"Turistická známka";""
"118";"Tatranská Polianka";"Slovenská Republika";"Turistická známka";""
"119";"Tatranská Lesná";"Slovenská Republika";"Turistická známka";""
"120";"Kežmarské Žľaby";"Slovenská Republika";"Turistická známka";""
"121";"Horný Smokovec";"Slovenská Republika";"Turistická známka";""
"122";"Tatranské Zruby";"Slovenská Republika";"Turistická známka";""
"123";"Vyšné Hágy";"Slovenská Republika";"Turistická známka";""
"124";"Dolný Smokovec";"Slovenská Republika";"Turistická známka";""
"125";"Ždiar";"Slovenská Republika";"Turistická známka";""
"126";"Chata Oravice";"Slovenská Republika";"Turistická známka";""
"127";"Juráňova dolina";"Slovenská Republika";"Turistická známka";""
"128";"Čičmany";"Slovenská Republika";"Turistická známka";""
"129";"Považská Bystrica";"Slovenská Republika";"Turistická známka";""
"130";"Pezinská Baba";"Slovenská Republika";"Turistická známka";""
"131";"Rafting na Belej";"Slovenská Republika";"Turistická známka";""
"132";"Splav Hrona";"Slovenská Republika";"Turistická známka";""
"133";"Zejmarská roklina";"Slovenská Republika";"Turistická známka";""
"134";"Sokolia dolina";"Slovenská Republika";"Turistická známka";""
"135";"Prielom Hornádu";"Slovenská Republika";"Turistická známka";""
"136";"Kláštorská roklina";"Slovenská Republika";"Turistická známka";""
"137";"Kláštorisko";"Slovenská Republika";"Turistická známka";""
"138";"NPR Sivý vrch";"Slovenská Republika";"Turistická známka";""
"139";"CHATA POD KĽAČIANSKOU MAGUROU-MALÁ FATRA";"Slovenská Republika";"Turistická známka";""
"140";"Múzeum Liptovskej dediny - Pribylina";"Slovenská Republika";"Turistická známka";""
"141";"Kvačianska dolina";"Slovenská Republika";"Turistická známka";""
"142";"Liptovská Mara";"Slovenská Republika";"Turistická známka";""
"143";"Brestovská jaskyňa";"Slovenská Republika";"Turistická známka";""
"144";"Banská klopačka Hnilčík - Roztoky";"Slovenská Republika";"Turistická známka";""
"145";"Banské múzeum Hnilčík";"Slovenská Republika";"Turistická známka";""
"146";"Chata Predná holica";"Slovenská Republika";"Turistická známka";""
"147";"Dóm sv. Alžbety";"Slovenská Republika";"Turistická známka";""
"148";"Slovenský betlehem Rajecká Lesná";"Slovenská Republika";"Turistická známka";""
"149";"Bazilika na Mariánskej hore";"Slovenská Republika";"Turistická známka";""
"150";"Levoča";"Slovenská Republika";"Turistická známka";""
"151";"Spišský Štvrtok";"Slovenská Republika";"Turistická známka";""
"152";"Spišská Nová Ves";"Slovenská Republika";"Turistická známka";""
"153";"Mesto Kremnica";"Slovenská Republika";"Turistická známka";""
"154";"Poprad";"Slovenská Republika";"Turistická známka";""
"155";"Stará Ľubovňa";"Slovenská Republika";"Turistická známka";""
"156";"Martin";"Slovenská Republika";"Turistická známka";""
"157";"Vlkolínec";"Slovenská Republika";"Turistická známka";""
"158";"Spišská Sobota";"Slovenská Republika";"Turistická známka";""
"159";"Rožňava";"Slovenská Republika";"Turistická známka";""
"160";"Banská Bystrica";"Slovenská Republika";"Turistická známka";""
"161";"Skalica";"Slovenská Republika";"Turistická známka";""
"162";"Námestovo";"Slovenská Republika";"Turistická známka";""
"163";"Dolný Kubín";"Slovenská Republika";"Turistická známka";""
"164";"Liptovský Mikuláš";"Slovenská Republika";"Turistická známka";""
"165";"Zuberec";"Slovenská Republika";"Turistická známka";""
"166";"Spišská kapitula";"Slovenská Republika";"Turistická známka";""
"167";"Ružomberok";"Slovenská Republika";"Turistická známka";""
"168";"Banská Štiavnica";"Slovenská Republika";"Turistická známka";""
"169";"Trnava";"Slovenská Republika";"Turistická známka";""
"170";"Urbanova veža Košice";"Slovenská Republika";"Turistická známka";""
"171";"Bardejov";"Slovenská Republika";"Turistická známka";""
"172";"Liptov - Jakubovany";"Slovenská Republika";"Turistická známka";""
"173";"Trenčín";"Slovenská Republika";"Turistická známka";""
"174";"Bratislava";"Slovenská Republika";"Turistická známka";""
"175";"Pezinok";"Slovenská Republika";"Turistická známka";""
"176";"Štúrovo";"Slovenská Republika";"Turistická známka";""
"177";"Víťaz";"Slovenská Republika";"Turistická známka";""
"178";"Stakčín";"Slovenská Republika";"Turistická známka";""
"179";"Snina";"Slovenská Republika";"Turistická známka";""
"180";"Jasenová";"Slovenská Republika";"Turistická známka";""
"181";"Košice";"Slovenská Republika";"Turistická známka";""
"182";"Súľov - Hradná";"Slovenská Republika";"Turistická známka";""
"183";"Levice";"Slovenská Republika";"Turistická známka";""
"184";"Oravský Podzámok";"Slovenská Republika";"Turistická známka";""
"185";"ZOO Bojnice";"Slovenská Republika";"Turistická známka";""
"186";"ZOO Košice";"Slovenská Republika";"Turistická známka";""
"187";"Krásnohorská jaskyňa";"Slovenská Republika";"Turistická známka";""
"188";"Jaskyňa Driny";"Slovenská Republika";"Turistická známka";""
"189";"Harmanecká jaskyňa";"Slovenská Republika";"Turistická známka";""
"190";"Bystrianska jaskyňa";"Slovenská Republika";"Turistická známka";""
"191";"Demänovská jaskyňa Slobody";"Slovenská Republika";"Turistická známka";""
"192";"Demänovská ľadová jaskyňa";"Slovenská Republika";"Turistická známka";""
"193";"Važecká jaskyňa";"Slovenská Republika";"Turistická známka";""
"194";"Belianska jaskyňa";"Slovenská Republika";"Turistická známka";""
"195";"Dobšinská ľadová jaskyňa";"Slovenská Republika";"Turistická známka";""
"196";"Ochtinská aragonitová jaskyňa";"Slovenská Republika";"Turistická známka";""
"197";"Gombasecká jaskyňa";"Slovenská Republika";"Turistická známka";""
"198";"Jaskyňa Domica";"Slovenská Republika";"Turistická známka";""
"199";"Jasovská jaskyňa";"Slovenská Republika";"Turistická známka";""
"200";"Hrad Strečno";"Slovenská Republika";"Turistická známka";""
"201";"Sklabinský hrad";"Slovenská Republika";"Turistická známka";""
"202";"Súľovský hrad";"Slovenská Republika";"Turistická známka";""
"203";"Ľubovnianský hrad";"Slovenská Republika";"Turistická známka";""
"204";"Kežmarský hrad";"Slovenská Republika";"Turistická známka";""
"205";"Spišský Hrad";"Slovenská Republika";"Turistická známka";""
"206";"Hrad Plaveč";"Slovenská Republika";"Turistická známka";""
"207";"Hrad Krásna Hôrka";"Slovenská Republika";"Turistická známka";""
"208";"Oravský hrad";"Slovenská Republika";"Turistická známka";""
"209";"Lietavský hrad";"Slovenská Republika";"Turistická známka";""
"210";"Hrad Liptovský Hrádok";"Slovenská Republika";"Turistická známka";""
"211";"Hrad Beckov";"Slovenská Republika";"Turistická známka";""
"212";"Hrad Likava";"Slovenská Republika";"Turistická známka";""
"213";"Liptovský Starhrad";"Slovenská Republika";"Turistická známka";""
"214";"Čachtický hrad";"Slovenská Republika";"Turistická známka";""
"215";"Trenčiansky hrad";"Slovenská Republika";"Turistická známka";""
"216";"Bratislavský hrad";"Slovenská Republika";"Turistická známka";""
"217";"Nitriansky hrad";"Slovenská Republika";"Turistická známka";""
"218";"Levický hrad";"Slovenská Republika";"Turistická známka";""
"219";"Devínsky hrad";"Slovenská Republika";"Turistická známka";""
"220";"Viniansky hrad";"Slovenská Republika";"Turistická známka";""
"221";"Červený Kameň";"Slovenská Republika";"Turistická známka";""
"222";"Hrad Zborov";"Slovenská Republika";"Turistická známka";""
"223";"Starý hrad - Malá Fatra";"Slovenská Republika";"Turistická známka";""
"224";"Hrad Veľký Kamenec";"Slovenská Republika";"Turistická známka";""
"225";"Vrátna - Starý dvor";"Slovenská Republika";"Turistická známka";""
"226";"Veľký Rozsutec";"Slovenská Republika";"Turistická známka";""
"227";"Dolné/Horné diery";"Slovenská Republika";"Turistická známka";""
"228";"Chata Vrátna";"Slovenská Republika";"Turistická známka";""
"229";"Sitno";"Slovenská Republika";"Turistická známka";""
"230";"Holubyho chata - Biele Karpaty";"Slovenská Republika";"Turistická známka";""
"231";"Hviezdoslavova hájovňa pod Babou horou";"Slovenská Republika";"Turistická známka";""
"232";"Lesnické sedlo";"Slovenská Republika";"Turistická známka";""
"233";"Chata Geravy";"Slovenská Republika";"Turistická známka";""
"234";"Sninský kameň";"Slovenská Republika";"Turistická známka";""
"235";"Kremenec";"Slovenská Republika";"Turistická známka";""
"236";"Ded Beskyd";"Slovenská Republika";"Turistická známka";""
"237";"Ruské";"Slovenská Republika";"Turistická známka";""
"238";"Riaba skala - Medová baba";"Slovenská Republika";"Turistická známka";""
"239";"Bieszczadska lesná úzkokoľajka";"Slovenská Republika";"Turistická známka";""
"240";"Posledný vlak do Polonín";"Slovenská Republika";"Turistická známka";""
"241";"Ďurkovec";"Slovenská Republika";"Turistická známka";""
"242";"Osadné - Pravoslávny chrám - Krypta";"Slovenská Republika";"Turistická známka";""
"243";"Vinianske jazero";"Slovenská Republika";"Turistická známka";""
"244";"Zemplinská Šírava - Hôrka";"Slovenská Republika";"Turistická známka";""
"245";"Piešťany vodná nádrž Sĺňava";"Slovenská Republika";"Turistická známka";""
"246";"Chata Bradlo, Malé Karpaty";"Slovenská Republika";"Turistická známka";""
"247";"Morské oko";"Slovenská Republika";"Turistická známka";""
"248";"Vyhliadková veža Vtáči raj - Senné";"Slovenská Republika";"Turistická známka";""
"249";"Hrad Budatín";"Slovenská Republika";"Turistická známka";""
"250";"Kaštieľ Betliar";"Slovenská Republika";"Turistická známka";""
"251";"Bojnický zámok";"Slovenská Republika";"Turistická známka";""
"252";"Kaštiel Fričovce";"Slovenská Republika";"Turistická známka";""
"253";"Kaštieľ Spišský Hrhov";"Slovenská Republika";"Turistická známka";""
"254";"Kaštieľ Radoľa";"Slovenská Republika";"Turistická známka";""
"255";"Kaštiel Markušovce";"Slovenská Republika";"Turistická známka";""
"256";"Príkra";"Slovenská Republika";"Turistická známka";""
"257";"Kežmarok - drevený artikulárny kostol";"Slovenská Republika";"Turistická známka";""
"258";"Topoľa";"Slovenská Republika";"Turistická známka";""
"259";"Kalná Roztoka";"Slovenská Republika";"Turistická známka";""
"260";"Ruský Potok";"Slovenská Republika";"Turistická známka";""
"261";"Uličské Krivé";"Slovenská Republika";"Turistická známka";""
"262";"Drevený kostolík Zábrež";"Slovenská Republika";"Turistická známka";""
"263";"Tatranská Javorina";"Slovenská Republika";"Turistická známka";""
"264";"Bodružal";"Slovenská Republika";"Turistická známka";""
"265";"Svätý kríž";"Slovenská Republika";"Turistická známka";""
"266";"Miroľa";"Slovenská Republika";"Turistická známka";""
"267";"Nižný Komárnik";"Slovenská Republika";"Turistická známka";""
"268";"Vyšný Komárnik";"Slovenská Republika";"Turistická známka";""
"269";"Hervartov";"Slovenská Republika";"Turistická známka";""
"270";"Drevené kostolíky Tročany";"Slovenská Republika";"Turistická známka";""
"271";"Trenčianske Teplice";"Slovenská Republika";"Turistická známka";""
"272";"Modra";"Slovenská Republika";"Turistická známka";""
"273";"Piešťany";"Slovenská Republika";"Turistická známka";""
"274";"Sliač";"Slovenská Republika";"Turistická známka";""
"275";"Zvolen";"Slovenská Republika";"Turistická známka";""
"276";"Malacky";"Slovenská Republika";"Turistická známka";""
"277";"Žilina";"Slovenská Republika";"Turistická známka";""
"278";"Kežmarok";"Slovenská Republika";"Turistická známka";""
"279";"Brezno";"Slovenská Republika";"Turistická známka";""
"280";"Nitra";"Slovenská Republika";"Turistická známka";""
"281";"Komárno";"Slovenská Republika";"Turistická známka";""
"282";"Spišské Podhradie";"Slovenská Republika";"Turistická známka";""
"283";"Svidník";"Slovenská Republika";"Turistická známka";""
"284";"Michalovce";"Slovenská Republika";"Turistická známka";""
"285";"Chata na Veľkom Inovci";"Slovenská Republika";"Turistická známka";""
"286";"Baziliánsky monastier Krásny Brod";"Slovenská Republika";"Turistická známka";""
"287";"Čertov Kameň";"Slovenská Republika";"Turistická známka";""
"288";"Lupkovský tunel";"Slovenská Republika";"Turistická známka";""
"289";"Prameň Laborca";"Slovenská Republika";"Turistická známka";""
"290";"Vyšný Slavkov";"Slovenská Republika";"Turistická známka";""
"291";"Dedo Peklík - Strážca Levočských vrchov";"Slovenská Republika";"Turistická známka";""
"292";"NPR Sivá Brada";"Slovenská Republika";"Turistická známka";""
"293";"Chata Plesnivec";"Slovenská Republika";"Turistická známka";""
"294";"Horský hotel Magura";"Slovenská Republika";"Turistická známka";""
"295";"Prielom Dunajca";"Slovenská Republika";"Turistická známka";""
"296";"Mních - Malá Fatra";"Slovenská Republika";"Turistická známka";""
"297";"NPR Osobitá";"Slovenská Republika";"Turistická známka";""
"298";"Skalnaté pleso";"Slovenská Republika";"Turistická známka";""
"299";"Titris - ochranca tatranských štítov";"Slovenská Republika";"Turistická známka";""
"300";"Za výstup na Gerlachovský štít";"Slovenská Republika";"Turistická známka";""
"301";"Bardejovské kúpele";"Slovenská Republika";"Turistická známka";""
"302";"Skanzen-múzeum ľudovej architektúry Bardejovské kúpele";"Slovenská Republika";"Turistická známka";""
"303";"Zubria zvernica Topoľčianky";"Slovenská Republika";"Turistická známka";""
"304";"Drážovce";"Slovenská Republika";"Turistická známka";""
"305";"Pamätník čsl. armády na Dukle";"Slovenská Republika";"Turistická známka";""
"306";"Pamätník Nemecká";"Slovenská Republika";"Turistická známka";""
"307";"Pamätník SNP Banská Bystrica";"Slovenská Republika";"Turistická známka";""
"308";"Kalinov";"Slovenská Republika";"Turistická známka";""
"309";"Čertižné - Kameň";"Slovenská Republika";"Turistická známka";""
"310";"Vyhliadková veža - pozorovateľna na Dukle";"Slovenská Republika";"Turistická známka";""
"311";"Vojenská pevnosť Komárno";"Slovenská Republika";"Turistická známka";""
"312";"Bunkre štábu 3.čs. brigády na Dukle";"Slovenská Republika";"Turistická známka";""
"313";"Vojenské múzeum Svidník";"Slovenská Republika";"Turistická známka";""
"314";"Vojenský cintorín Hunkovce";"Slovenská Republika";"Turistická známka";""
"315";"Údolie smrti - Kapišova";"Slovenská Republika";"Turistická známka";""
"316";"Detská železnica Košice";"Slovenská Republika";"Turistická známka";""
"317";"NPR Veľký sokol";"Slovenská Republika";"Turistická známka";""
"318";"Nádvorie Európy Komárno";"Slovenská Republika";"Turistická známka";""
"319";"Nitra - Kalvária";"Slovenská Republika";"Turistická známka";""
"320";"Rozhľadňa Polomské očko";"Slovenská Republika";"Turistická známka";""
"321";"Rozhľadňa Veľká Homoľa";"Slovenská Republika";"Turistická známka";""
"322";"Zobor";"Slovenská Republika";"Turistická známka";""
"323";"Stará radnica Košice";"Slovenská Republika";"Turistická známka";""
"324";"Bazilika Sv. Jakuba v Levoči";"Slovenská Republika";"Turistická známka";""
"325";"Bratislavská radnica";"Slovenská Republika";"Turistická známka";""
"326";"Telgártsky viadukt a tunel";"Slovenská Republika";"Turistická známka";""
"327";"Lamačské tunely";"Slovenská Republika";"Turistická známka";""
"328";"Hanušovský viadukt";"Slovenská Republika";"Turistická známka";""
"329";"Kraľovanský tunel";"Slovenská Republika";"Turistická známka";""
"330";"Čremošniansky tunel";"Slovenská Republika";"Turistická známka";""
"331";"Pekelský tunel";"Slovenská Republika";"Turistická známka";""
"332";"Tunel Pitelová";"Slovenská Republika";"Turistická známka";""
"333";"Banskobystrický tunel";"Slovenská Republika";"Turistická známka";""
"334";"Bujanovský tunel";"Slovenská Republika";"Turistická známka";""
"335";"Most Veľká Lodina";"Slovenská Republika";"Turistická známka";""
"336";"Zubačka Štrba-Štrbské pleso";"Slovenská Republika";"Turistická známka";""
"337";"Ružbašský tunel";"Slovenská Republika";"Turistická známka";""
"338";"Most Strečno";"Slovenská Republika";"Turistická známka";""
"339";"Trenčiansky most";"Slovenská Republika";"Turistická známka";""
"340";"Modrý most";"Slovenská Republika";"Turistická známka";""
"341";"Marcheggský viadukt";"Slovenská Republika";"Turistická známka";""
"342";"Žilinské mosty";"Slovenská Republika";"Turistická známka";""
"343";"Thurzovský tunel";"Slovenská Republika";"Turistická známka";""
"344";"Východné Karpaty - Konečná";"Slovenská Republika";"Turistická známka";""
"345";"Vyhliadková veža Hradová";"Slovenská Republika";"Turistická známka";""
"346";"Náučný chodník - Monková dolina";"Slovenská Republika";"Turistická známka";""
"347";"Zemplínska Šírava - Kamenec";"Slovenská Republika";"Turistická známka";""
"348";"Čerenova skala - Liptovská Anna, Chočské vrchy";"Slovenská Republika";"Turistická známka";""
"349";"Termálne kúpalisko Podhájska";"Slovenská Republika";"Turistická známka";""
"350";"Drevené cerkvi - Hunkovce";"Slovenská Republika";"Turistická známka";""
"351";"Drevené cerkvi - Korejovce";"Slovenská Republika";"Turistická známka";""
"352";"Drevené cerkvi - Krajné Čierno";"Slovenská Republika";"Turistická známka";""
"353";"Drevené cerkvi - Mikulášová";"Slovenská Republika";"Turistická známka";""
"354";"Drevené cerkvi - Zboj";"Slovenská Republika";"Turistická známka";""
"355";"Drevené kostolíky - Dobroslava";"Slovenská Republika";"Turistická známka";""
"356";"Drevené cerkvi - Frička";"Slovenská Republika";"Turistická známka";""
"357";"Drevené cerkvi - Jedlinka";"Slovenská Republika";"Turistická známka";""
"358";"Drevené cerkvi - Krivé";"Slovenská Republika";"Turistická známka";""
"359";"Drevené cerkvi - Lukov-Venecia";"Slovenská Republika";"Turistická známka";""
"360";"Nízke Tatry-Vrbické pleso 1113m n.m.";"Slovenská Republika";"Turistická známka";""
"361";"BRANISKO - KOPYTOVSKÁ DOLINA";"Slovenská Republika";"Turistická známka";""
"362";"BRANISKO-LAČNOVSKÝ KAŇON";"Slovenská Republika";"Turistická známka";""
"363";"Oravská priehrada";"Slovenská Republika";"Turistická známka";""
"364";"Haligovské skaly";"Slovenská Republika";"Turistická známka";""
"365";"Vysoké Tatry - Turistická ubytovňa Hrebienok";"Slovenská Republika";"Turistická známka";""
"366";"Šahy - Ipolyság";"Slovenská Republika";"Turistická známka";""
"367";"Žehra";"Slovenská Republika";"Turistická známka";""
"368";"Turčianske Teplice";"Slovenská Republika";"Turistická známka";""
"369";"NKP Kaštieľ Strážky";"Slovenská Republika";"Turistická známka";""
"370";"Spišská Belá";"Slovenská Republika";"Turistická známka";""
"371";"MESTO TRSTENÁ";"Slovenská Republika";"Turistická známka";""
"372";"GOTICKÝ KOSTOL - LUDROVÁ";"Slovenská Republika";"Turistická známka";""
"373";"MESTO - PREŠOV";"Slovenská Republika";"Turistická známka";""
"374";"MESTO-RIMAVSKÁ SOBOTA";"Slovenská Republika";"Turistická známka";""
"375";"PARK MINIATÚR PODOLIE";"Slovenská Republika";"Turistická známka";""
"376";"STARÁ ĽUBOVŇA";"Slovenská Republika";"Turistická známka";""
"377";"Provinčný dom - Múzeum Spiša";"Slovenská Republika";"Turistická známka";""
"378";"ZOO SPIŠSKÁ NOVÁ VES TIGER USSURIJSKÝ";"Slovenská Republika";"Turistická známka";""
"379";"ZOO Bratislava";"Slovenská Republika";"Turistická známka";""
"380";"Horský hotel Diery";"Slovenská Republika";"Turistická známka";""
"381";"Za výstup na Vysokú";"Slovenská Republika";"Turistická známka";""
"382";"Rajtopíky";"Slovenská Republika";"Turistická známka";""
"383";"Baníkov";"Slovenská Republika";"Turistická známka";""
"384";"Horský hotel Malina";"Slovenská Republika";"Turistická známka";""
"385";"Stratená";"Slovenská Republika";"Turistická známka";""
"386";"Beliansky viadukt";"Slovenská Republika";"Turistická známka";""
"387";"Gelnický tunel";"Slovenská Republika";"Turistická známka";""
"388";"Chmarošský viadukt";"Slovenská Republika";"Turistická známka";""
"389";"Most Kostoľany nad Hornádom";"Slovenská Republika";"Turistická známka";""
"390";"Most Trnovec nad Váhom";"Slovenská Republika";"Turistická známka";""
"391";"Hamrický tunel";"Slovenská Republika";"Turistická známka";""
"392";"VEĽKOFATRANSKÉ TURISTICKÉ VRCHOLY-TLSTÁ";"Slovenská Republika";"Turistická známka";""
"393";"VEĽKOFATRANSKÉ TURISTICKÉ VRCHOLY - OSTRÁ";"Slovenská Republika";"Turistická známka";""
"394";"ČERTOV VIADUKT";"Slovenská Republika";"Turistická známka";""
"395";"SLANSKÉ VRCHY-ŠIMONKA";"Slovenská Republika";"Turistická známka";""
"396";"Historický komplex SOLIVARY";"Slovenská Republika";"Turistická známka";""
"397";"Oravská lesná železnica";"Slovenská Republika";"Turistická známka";""
"398";"MÚZEUM SLOVENSKEJ DEDINY - Požiarna zbrojnica z Laskára";"Slovenská Republika";"Turistická známka";""
"399";"Klin nad Bodrogom";"Slovenská Republika";"Turistická známka";""
"400";"Štefánikova mohyla na Bradle";"Slovenská Republika";"Turistická známka";""
"401";"GITAROVÉ MÚZEUM SOBRANCE";"Slovenská Republika";"Turistická známka";""
"402";"VIDIECKE MÚZEUM ZÁHOR";"Slovenská Republika";"Turistická známka";""
"403";"VEĽKÉ KAPUŠANY";"Slovenská Republika";"Turistická známka";""
"404";"ŽUPNÝ DOM ZEMPLÍN";"Slovenská Republika";"Turistická známka";""
"405";"Tokajská oblasť VINIČKY";"Slovenská Republika";"Turistická známka";""
"406";"TOKAJSKÁ OBLASŤ MALÁ TŔŇA";"Slovenská Republika";"Turistická známka";""
"407";"ZEMPLÍNSKE HRADIŠTE";"Slovenská Republika";"Turistická známka";""
"408";"Mesto Rajec";"Slovenská Republika";"Turistická známka";""
"409";"Mesto Prievidza";"Slovenská Republika";"Turistická známka";""
"410";"POLONINY RUSKÁ VOLOVÁ";"Slovenská Republika";"Turistická známka";""
"411";"MESTO TREBIŠOV";"Slovenská Republika";"Turistická známka";""
"412";"VRANOV NAD TOPĽOU";"Slovenská Republika";"Turistická známka";""
"413";"KAŠTIEĽ HANUŠOVCE";"Slovenská Republika";"Turistická známka";""
"414";"Hrad Tematín";"Slovenská Republika";"Turistická známka";""
"415";"KAŠTIEĽ II. FRANTIŠKA RÁKÓCZIHO - BORŠA";"Slovenská Republika";"Turistická známka";""
"416";"Kamenický hrad";"Slovenská Republika";"Turistická známka";""
"417";"Nízké Tatry - Jasná";"Slovenská Republika";"Turistická známka";""
"418";"Nízke Tatry-Luková 1670m n.m.";"Slovenská Republika";"Turistická známka";""
"419";"Nízke Tatry-Kosodrevina 1485m n.m.";"Slovenská Republika";"Turistická známka";""
"420";"Nízke Tatry-Rovná hoľa 1490m";"Slovenská Republika";"Turistická známka";""
"421";"KOMÁRNO-MOST CEZ VÁH";"Slovenská Republika";"Turistická známka";""
"422";"Tatras Tower Štrbské pleso";"Slovenská Republika";"Turistická známka";""
"423";"Poľana - Kalamárka";"Slovenská Republika";"Turistická známka";""
"424";"Horský hotel Poľana";"Slovenská Republika";"Turistická známka";""
"425";"Lesnícky skanzen ČIERNY BALOG";"Slovenská Republika";"Turistická známka";""
"426";"Kremnické vrchy-Skalka";"Slovenská Republika";"Turistická známka";""
"427";"NPR ROHÁČSKE PLESÁ - ZÁPADNÉ TATRY";"Slovenská Republika";"Turistická známka";""
"428";"Tatranské plesá-Štrbske pleso";"Slovenská Republika";"Turistická známka";""
"429";"STAROHORSKÉ VRCHY- PANSKÝ DIEL";"Slovenská Republika";"Turistická známka";""
"430";"SLANSKÉ VRCHY-OPÁLOVÉ BANE DUBNÍK";"Slovenská Republika";"Turistická známka";""
"431";"SLANSKÉ VRCHY-PAVLOVCE";"Slovenská Republika";"Turistická známka";""
"432";"Slánske vrchy, Hermanovské skaly";"Slovenská Republika";"Turistická známka";""
"433";"SLANSKÉ VRCHY ZLATÁ BAŇA";"Slovenská Republika";"Turistická známka";""
"434";"SLANSKÉ VRCHY IVANOV VRCH";"Slovenská Republika";"Turistická známka";""
"435";"Vyhliadková veža Tokaj";"Slovenská Republika";"Turistická známka";""
"436";"Útulňa pod Kečkou - Starohorské vrchy";"Slovenská Republika";"Turistická známka";""
"437";"HISTORICKÁ TOKAJSKÁ PIVNICA – MALÁ TŔŇA";"Slovenská Republika";"Turistická známka";""
"438";"Branisko Smrekovica";"Slovenská Republika";"Turistická známka";""
"439";"Veľká Javorina";"Slovenská Republika";"Turistická známka";""
"440";"HRAD ČIČVA";"Slovenská Republika";"Turistická známka";""
"441";"HRAD BRANČ";"Slovenská Republika";"Turistická známka";""
"442";"Chočské vrchy-Veľký Choč";"Slovenská Republika";"Turistická známka";""
"443";"Nízke Beskydy - Kaštielik";"Slovenská Republika";"Turistická známka";""
"444";"JAVORNÍKY – SEDLO SEMETEŠ";"Slovenská Republika";"Turistická známka";""
"445";"KÚPELE DUDINCE";"Slovenská Republika";"Turistická známka";""
"446";"Drevené cerkvi Inovce";"Slovenská Republika";"Turistická známka";""
"447";"DREVENÉ CERKVI – LADOMIROVÁ";"Slovenská Republika";"Turistická známka";""
"448";"DREVENÉ CERKVI – ŠEMETKOVCE";"Slovenská Republika";"Turistická známka";""
"449";"Drevený artikulárny kostol Leštiny";"Slovenská Republika";"Turistická známka";""
"450";"Vojenský cintorín Ulič";"Slovenská Republika";"Turistická známka";""
"451";"POLONINY - MERGANCOV KAMEŇ";"Slovenská Republika";"Turistická známka";""
"452";"MÚZEUM UKRAJINSKEJ KULTÚRY";"Slovenská Republika";"Turistická známka";""
"453";"Drevený gotický kostol všetkých svätých Tvrdošín";"Slovenská Republika";"Turistická známka";""
"454";"VYHLIADKA NA HOLICI - POLONINY - NASTAZ";"Slovenská Republika";"Turistická známka";""
"455";"MINIGALÉRIA DREVENÝCH KOSTOLÍKOV ULIČSKEJ DOLINY";"Slovenská Republika";"Turistická známka";""
"456";"Podbiel-bobrova rala";"Slovenská Republika";"Turistická známka";""
"457";"STARÁ BYSTRICA - slovenský orloj";"Slovenská Republika";"Turistická známka";""
"458";"Archeologické múzeum veľkej Moravy Bojná";"Slovenská Republika";"Turistická známka";""
"459";"Vyšné Ružbachy";"Slovenská Republika";"Turistická známka";""
"460";"STRÁŽČANSKÝ TUNEL - PREŠOV-STRÁŽSKE";"Slovenská Republika";"Turistická známka";""
"461";"NEMCOVSKÝ TUNEL - PREŠOV-STRÁŽSKE";"Slovenská Republika";"Turistická známka";""
"462";"HANUŠOVSKÝ VIADUKT IV.- PAVLOVCE";"Slovenská Republika";"Turistická známka";""
"463";"Mlynická dolina 1730 m.n.m.-Vodopád Skok - Vysoké Tatry";"Slovenská Republika";"Turistická známka";""
"464";"CHATA MARTINSKÉ HOLE - MALÁ FATRA";"Slovenská Republika";"Turistická známka";""
"465";"Malofatranské turistické vrcholy - Suchý 1468 m n. m.";"Slovenská Republika";"Turistická známka";""
"466";"Malofatranské turistické vrcholy - Malý fatranský Kriváň 1671m n.m.";"Slovenská Republika";"Turistická známka";""
"467";"Malofatranské turistické vrcholy-Chleb 1646m n.m.";"Slovenská Republika";"Turistická známka";""
"468";"Malofatranské turistické vrcholy - Veľký Fatranský Kriváň 1709m n.m.";"Slovenská Republika";"Turistická známka";""
"469";"Malofatranské turistické vrholy-Malý Rozsutec 1344 m n.m.";"Slovenská Republika";"Turistická známka";""
"470";"VEĽKÁ FATRA – DONOVALY";"Slovenská Republika";"Turistická známka";""
"471";"ORAVSKÉ BESKYDY - BABIA HORA, 1725 m n.m.";"Slovenská Republika";"Turistická známka";""
"472";"Kačacia dolina 1575m.n.m.- Hviezdoslavov vodopád - Vysoké Tatry";"Slovenská Republika";"Turistická známka";""
"473";"Kôprová dolina 1245 m.n.m.- Kmeťov vodopád - Vysoké Tatry";"Slovenská Republika";"Turistická známka";""
"474";"Chata Korenný vrch - Malé Karpaty";"Slovenská Republika";"Turistická známka";""
"475";"DARGOVSKÝ PRIESMYK, 473 m n.m.";"Slovenská Republika";"Turistická známka";""
"476";"PRAMEŇ HRONA - TELGÁRT, 980 m n.m.";"Slovenská Republika";"Turistická známka";""
"477";"KRÁĽOVA HOĽA - NÍZKE TATRY 1948 m n.m.";"Slovenská Republika";"Turistická známka";""
"478";"ŠÚTOVSKÁ FATRANKA - MALÁ FATRA";"Slovenská Republika";"Turistická známka";""
"479";"ŠÚTOVSKÝ VODOPÁD - ŠÚTOVSKÁ DOLINA - MALÁ FATRA";"Slovenská Republika";"Turistická známka";""
"480";"ORAVSKÁ MAGURA – HRUŠTÍN";"Slovenská Republika";"Turistická známka";""
"481";"ORAVSKÁ MAGURA – VASIĽOVSKÁ HOĽA";"Slovenská Republika";"Turistická známka";""
"482";"Slovenský raj - Čingov";"Slovenská Republika";"Turistická známka";""
"483";"Malá studená dolina 1330m.n.m.- Obrovský vodopád - Vysoké Tatry";"Slovenská Republika";"Turistická známka";""
"484";"Malý Kyseľ - Machový vodopád - Slovenský raj";"Slovenská Republika";"Turistická známka";""
"485";"Slovenský raj-chata Ihla-najstaršia chata na Čingove";"Slovenská Republika";"Turistická známka";""
"486";"Horský hotel Granit Smrekovica";"Slovenská Republika";"Turistická známka";""
"487";"Pancierový vlak SNP-Zvolen";"Slovenská Republika";"Turistická známka";""
"488";"Vojenske pamätníky Háj Nicovô";"Slovenská Republika";"Turistická známka";""
"489";"KOSTOL SVÄTÉHO MARTINA - MARTINČEK";"Slovenská Republika";"Turistická známka";""
"490";"Pustý hrad - hrad starý Zvolen";"Slovenská Republika";"Turistická známka";""
"491";"DUBNICA NAD VÁHOM - GROTA";"Slovenská Republika";"Turistická známka";""
"492";"Sobášny palác Bytča";"Slovenská Republika";"Turistická známka";""
"493";"Mesto Detva";"Slovenská Republika";"Turistická známka";""
"494";"Nové Mesto nad Váhom";"Slovenská Republika";"Turistická známka";""
"495";"Vlastivedné múzeum Krásno nad Kysucou";"Slovenská Republika";"Turistická známka";""
"496";"Ruské sedlo, Poloniny";"Slovenská Republika";"Turistická známka";""
"497";"Mesto Moldava";"Slovenská Republika";"Turistická známka";""
"498";"Nízke Tatry - NPP Brankovský vodopád 55 m";"Slovenská Republika";"Turistická známka";""
"499";"MÚZEUM VO SVÄTOM ANTONE";"Slovenská Republika";"Turistická známka";""
"500";"Horský hotel Kráľova studňa - Veľká Fatra";"Slovenská Republika";"Turistická známka";""
"501";"Žiar - Západné Tatry";"Slovenská Republika";"Turistická známka";""
"502";"Rozhľadňa na Skorušinej-Skorušinské vrchy-1314 m";"Slovenská Republika";"Turistická známka";""
"503";"Rozhľadňa na veľkom Lopeníku-911 m";"Slovenská Republika";"Turistická známka";""
"504";"Rozhľadňa púchovskej doliny";"Slovenská Republika";"Turistická známka";""
"505";"Slovenský kras-NPR Zádielska tiesňava.";"Slovenská Republika";"Turistická známka";""
"506";"Rakytov 1567 m - Veľká Fatra";"Slovenská Republika";"Turistická známka";""
"507";"NPR Manínska tiesňava";"Slovenská Republika";"Turistická známka";""
"508";"Považský hrad";"Slovenská Republika";"Turistická známka";""
"509";"POVAŽSKÝ INOVEC - INOVECKÁ CHATA 798 m n.m.";"Slovenská Republika";"Turistická známka";""
"510";"Mesto Púchov";"Slovenská Republika";"Turistická známka";""
"511";"Mesto Krupina";"Slovenská Republika";"Turistická známka";""
"512";"Topoľčianky";"Slovenská Republika";"Turistická známka";""
"513";"Kaštieľ Topoľčianky";"Slovenská Republika";"Turistická známka";""
"514";"Banská Štiavnica - Nový zámok";"Slovenská Republika";"Turistická známka";""
"515";"Banská Štiavnica - Starý zámok";"Slovenská Republika";"Turistická známka";""
"516";"KAŠTIEĽ DUBNICA NAD VÁHOM";"Slovenská Republika";"Turistická známka";""
"517";"Čergov - chata Čergov 920 m n.m.";"Slovenská Republika";"Turistická známka";""
"518";"Čergov - vrch Čergov . 1050 m n.m.";"Slovenská Republika";"Turistická známka";""
"519";"Čergov - rozhľadňa na Žobráku (893 m n.m)";"Slovenská Republika";"Turistická známka";""
"520";"Veporské vrchy - Chata pod Hrbom - 1100m n.m.";"Slovenská Republika";"Turistická známka";""
"521";"Veporské vrchy - geografický stred Slovenska - Hrb 1255m n.m.";"Slovenská Republika";"Turistická známka";""
"522";"Historický banský vodovod Donovaly-Špania dolina";"Slovenská Republika";"Turistická známka";""
"523";"Lúčanský vodopád Chočské vrchy";"Slovenská Republika";"Turistická známka";""
"524";"Vrcholy Západných Tatier . Volovec 2063m";"Slovenská Republika";"Turistická známka";""
"525";"Vrcholy Západných Tatier - Plačlivé";"Slovenská Republika";"Turistická známka";""
"526";"Vrcholy Západných Tatier - Baranec";"Slovenská Republika";"Turistická známka";""
"527";"Vrcholy Západných Tatier - Tri kopy";"Slovenská Republika";"Turistická známka";""
"528";"Vrcholy Západných Tatier - Hrubý vrch";"Slovenská Republika";"Turistická známka";""
"529";"Vrcholy Západných Tatier - Končistá";"Slovenská Republika";"Turistická známka";""
"530";"Vrcholy Západných Tatier - Klin";"Slovenská Republika";"Turistická známka";""
"531";"Vrcholy Západných Tatier - Jakubina";"Slovenská Republika";"Turistická známka";""
"532";"Vrcholy Západných tatier - Hrubá kopa";"Slovenská Republika";"Turistická známka";""
"533";"Vrcholy Západných Tatier - Bystrá";"Slovenská Republika";"Turistická známka";""
"534";"Vrcholy Západných Tatier - Pachoľa";"Slovenská Republika";"Turistická známka";""
"535";"Vrcholy Západných Tatier . Brestová";"Slovenská Republika";"Turistická známka";""
"536";"Vrcholy Západných Tatier - Salatín";"Slovenská Republika";"Turistická známka";""
"537";"Vysoké Tatry - Mengusovská dolina";"Slovenská Republika";"Turistická známka";""
"538";"Vysoké Tatry - Majláthova chata.";"Slovenská Republika";"Turistická známka";""
"539";"Vysoké Tatry-Ostrva 1984m n.m.";"Slovenská Republika";"Turistická známka";""
"540";"MALÉ KARPATY - DEVÍNSKA KOBYLA - SANDBERG";"Slovenská Republika";"Turistická známka";""
"541";"KAŠTIEĽ HOKOVCE - KRÁĽOVIČOVÁ";"Slovenská Republika";"Turistická známka";""
"542";"VIHORLAT - ASTRONOMICKÉ OBSERVATÓRIUM NA KOLONICKOM SEDLE";"Slovenská Republika";"Turistická známka";""
"543";"Čičmany-Radenov dom-Považske múzeum";"Slovenská Republika";"Turistická známka";""
"544";"Expozícia Jánošík a Terchová";"Slovenská Republika";"Turistická známka";""
"545";"Thermal Veľký Meder";"Slovenská Republika";"Turistická známka";""
"546";"Literárne múzeum P.O.Hviezdoslava - Dolný Kubín";"Slovenská Republika";"Turistická známka";""
"547";"Muránska planina-sedlo Zbojská 740m n.m.";"Slovenská Republika";"Turistická známka";""
"548";"Muránska planina-sedlo Burda 1008m n.m.";"Slovenská Republika";"Turistická známka";""
"549";"Muránska planina-Čertova dolina";"Slovenská Republika";"Turistická známka";""
"550";"Veporské vrchy - Sedlo Chlipavica - Gazdovský zajačí dvor";"Slovenská Republika";"Turistická známka";""
"551";"Malá Fatra-Kľacký vodopád";"Slovenská Republika";"Turistická známka";""
"552";"Kysucké beskydy - Rozhľadňa na Bobovci";"Slovenská Republika";"Turistická známka";""
"553";"Veľká Fatra - Donovaly - Zvolen";"Slovenská Republika";"Turistická známka";""
"554";"Nízke Tatry-Veľká Chochuľa 1753 m n.m.";"Slovenská Republika";"Turistická známka";""
"555";"Starohorské vrchy - Kozí chrbát 1330m n.m.";"Slovenská Republika";"Turistická známka";""
"556";"Štiavnické vrchy - Štangarígeľ";"Slovenská Republika";"Turistická známka";""
"557";"Krupinská planina - rozhľadňa Vartovka";"Slovenská Republika";"Turistická známka";""
"558";"Mauzoleum Andreja Hlinku v Ružomberku";"Slovenská Republika";"Turistická známka";""
"559";"Chočské vrchy - Predný Čebrať . 945m";"Slovenská Republika";"Turistická známka";""
"560";"Galéria Ľudovíta Fullu - Ružomberok";"Slovenská Republika";"Turistická známka";""
"561";"Veľká Fatra - Hrabovo";"Slovenská Republika";"Turistická známka";""
"562";"MESTO REVÚCA";"Slovenská Republika";"Turistická známka";""
"563";"Vrcholy Západných Tatier-Lúčna 1653 m n.m.";"Slovenská Republika";"Turistická známka";""
"564";"Vrcholy Západných Tatier - Rákoň 1876 m n.m.";"Slovenská Republika";"Turistická známka";""
"565";"KOSTOL SV. MARTINA TRSTENÁ";"Slovenská Republika";"Turistická známka";""
"566";"LESNÍCKE A DREVÁRSKE MÚZEUM ZVOLEN";"Slovenská Republika";"Turistická známka";""
"567";"SLANSKÉ VRCHY - ZÁMUTOV";"Slovenská Republika";"Turistická známka";""
"568";"Kupecká bašta Levoča";"Slovenská Republika";"Turistická známka";""
"569";"Popradské pleso - Vysoké Tatry";"Slovenská Republika";"Turistická známka";""
"570";"Rozhľadňa pri Kráľovej studni - Ľubovnianska vrchovina";"Slovenská Republika";"Turistická známka";""
"571";"Slánske vrchy, Zamutovské skaly - Čulkov";"Slovenská Republika";"Turistická známka";""
"572";"Hrad Vršatec";"Slovenská Republika";"Turistická známka";""
"573";"Vršatské bradlá - Biele karpaty";"Slovenská Republika";"Turistická známka";""
"574";"Chočské vrchy - Prosečné 1372m n.m.";"Slovenská Republika";"Turistická známka";""
"575";"Chočské vrchy - NPR Prosiecka dolina";"Slovenská Republika";"Turistická známka";""
"576";"Muránska planina - Hrdzavá dolina";"Slovenská Republika";"Turistická známka";""
"577";"Muránska planina - NPR Veľká Stožka";"Slovenská Republika";"Turistická známka";""
"578";"Muránska planina - Lykovec muránsky";"Slovenská Republika";"Turistická známka";""
"579";"Muránska planina - Veľká Lúka";"Slovenská Republika";"Turistická známka";""
"580";"Hrad Muráň";"Slovenská Republika";"Turistická známka";""
"581";"Historická električka Kométa";"Slovenská Republika";"Turistická známka";""
"582";"Mesto Nová Baňa";"Slovenská Republika";"Turistická známka";""
"583";"Studňa lásky na Trenčianskom hrade";"Slovenská Republika";"Turistická známka";""
"584";"Liptovská Teplička";"Slovenská Republika";"Turistická známka";""
"585";"Ľubica";"Slovenská Republika";"Turistická známka";""
"586";"Vysoké Tatry - Malá studená dolina";"Slovenská Republika";"Turistická známka";""
"587";"Kaštieľ Bijacovce";"Slovenská Republika";"Turistická známka";""
"588";"Hrad Jasenov";"Slovenská Republika";"Turistická známka";""
"589";"Barankov most";"Slovenská Republika";"Turistická známka";""
"590";"Vojenský cintorín z 1.sv.vojny Stakčín";"Slovenská Republika";"Turistická známka";""
"591";"Zamagurský unikát, skanzen dobových strojov, Haligovce-Goralský dvor";"Slovenská Republika";"Turistická známka";""
"592";"Vysoké Tatry - Bystrá lávka 2300m";"Slovenská Republika";"Turistická známka";""
"593";"Vysoké Tatry - Vyšné Kôprovské sedlo 2180m";"Slovenská Republika";"Turistická známka";""
"594";"Vysoké Tatry - Sedielko 2376m";"Slovenská Republika";"Turistická známka";""
"595";"Vysoké Tatry - Prielom 2288m";"Slovenská Republika";"Turistická známka";""
"596";"Vysoké Tatry - Poľský hrebeň 2200m";"Slovenská Republika";"Turistická známka";""
"597";"Vysoké Tatry - Priečne sedlo 2352m";"Slovenská Republika";"Turistická známka";""
"598";"Vysoké Tatry - Lomnické sedlo 2196m";"Slovenská Republika";"Turistická známka";""
"599";"Vysoké Tatry - Daxnerovo sedlo";"Slovenská Republika";"Turistická známka";""
"600";"Vysoké Tatry - sedlo Váha 2337m";"Slovenská Republika";"Turistická známka";""
"601";"Symbolický cintorín - Slovenský raj";"Slovenská Republika";"Turistická známka";""
"602";"Kvašov";"Slovenská Republika";"Turistická známka";""
"603";"Liptovská mara - Salaš dechtáre";"Slovenská Republika";"Turistická známka";""
"604";"Smolenický zámok";"Slovenská Republika";"Turistická známka";""
"605";"Kremnický hrad";"Slovenská Republika";"Turistická známka";""
"606";"Vysoké Tatry - Kolové sedlo 2118m";"Slovenská Republika";"Turistická známka";""
"607";"Vysoké Tatry - Kopské sedlo 1750m";"Slovenská Republika";"Turistická známka";""
"608";"Kúpele Červený Kláštor - Pieniny";"Slovenská Republika";"Turistická známka";""
"609";"Levočské vrchy - Ľubovnianske kúpele";"Slovenská Republika";"Turistická známka";""
"610";"Levočské vrchy - Tvarožná";"Slovenská Republika";"Turistická známka";""
"611";"Levočské vrchy - Ruskinovce";"Slovenská Republika";"Turistická známka";""
"612";"Vysoké Tatry-Hladké sedlo 1993m";"Slovenská Republika";"Turistická známka";""
"613";"Vysoké Tatry - Ľaliove sedlo 1952m";"Slovenská Republika";"Turistická známka";""
"614";"Vysoké Tatry - sedlo Závory 1877m";"Slovenská Republika";"Turistická známka";""
"615";"Vysoké Tatry - Svinické sedlo 2051m";"Slovenská Republika";"Turistická známka";""
"616";"Západné Tatry - Baníkovské sedlo 2045m";"Slovenská Republika";"Turistická známka";""
"617";"Západné Tatry - Smutné sedlo 1965m";"Slovenská Republika";"Turistická známka";""
"618";"Západné Tatry - Jamnícke sedlo 1908m";"Slovenská Republika";"Turistická známka";""
"619";"Biele Karpaty - Ostrá hora 492 m";"Slovenská Republika";"Turistická známka";""
"620";"Skalka Skavinka - Kremnické vrchy";"Slovenská Republika";"Turistická známka";""
"621";"Volovské vrchy, Pálenica 1115m";"Slovenská Republika";"Turistická známka";""
"622";"Slovenský raj, Veľká Knola 1266m";"Slovenská Republika";"Turistická známka";""
"623";"NCH BANÍCKY SKANZEN HNILČÍK";"Slovenská Republika";"Turistická známka";""
"624";"Rozhľadňa Údolie smrti Kružlová";"Slovenská Republika";"Turistická známka";""
"625";"Holíčsky zámok";"Slovenská Republika";"Turistická známka";""
"626";"Svinica 2301m - tatranské turistické vrcholy";"Slovenská Republika";"Turistická známka";""
"627";"Symbolický cintorín pri Zverovke - Západné Tatry";"Slovenská Republika";"Turistická známka";""
"628";"Uľanský viadukt";"Slovenská Republika";"Turistická známka";""
"629";"Myjavský viadukt";"Slovenská Republika";"Turistická známka";""
"630";"Lipovecký viadukt";"Slovenská Republika";"Turistická známka";""
"631";"Tunel generála M. R. Štefánika";"Slovenská Republika";"Turistická známka";""
"632";"Hrad Slanec";"Slovenská Republika";"Turistická známka";""
"633";"Slovenský raj - NPR Veľký Kyseľ - Pawlasov vodopád";"Slovenská Republika";"Turistická známka";""
"634";"Chata Zámok - Muránska planina";"Slovenská Republika";"Turistická známka";""
"635";"Pltníctvo na Váhu";"Slovenská Republika";"Turistická známka";""
"636";"Hrad Ľupča";"Slovenská Republika";"Turistická známka";""
"637";"Rozhľadňa Bachledova-Spišská Magura";"Slovenská Republika";"Turistická známka";""
"638";"Poniky - kostol sv.Františka Serafínskeho";"Slovenská Republika";"Turistická známka";""
"639";"Blatnický hrad";"Slovenská Republika";"Turistická známka";""
"640";"Strečno";"Slovenská Republika";"Turistická známka";""
"641";"Rozhľadňa Krahulský vrch - Kremnické vrchy";"Slovenská Republika";"Turistická známka";""
"642";"Ťatliakova chata - Západné Tatry";"Slovenská Republika";"Turistická známka";""
"643";"Kaštieľ Hodkovce";"Slovenská Republika";"Turistická známka";""
"644";"Koliba Goral - Donovaly";"Slovenská Republika";"Turistická známka";""
"645";"Zámutov";"Slovenská Republika";"Turistická známka";""
"646";"Malá fatra - Jánošíkove diery";"Slovenská Republika";"Turistická známka";""
"647";"Nízke Tatry - Funitel";"Slovenská Republika";"Turistická známka";""
"648";"Andrássyovsky kaštieľ Trebišov";"Slovenská Republika";"Turistická známka";""
"649";"Poráčska dolina - Volovské vrchy";"Slovenská Republika";"Turistická známka";""
"650";"Kráľová studňa 1384 m - Veľkofatranské turistické vrcholy";"Slovenská Republika";"Turistická známka";""
"651";"Strážovské vrchy - Strážov 1213m";"Slovenská Republika";"Turistická známka";""
"652";"Busov";"Slovenská Republika";"Turistická známka";""
"653";"Chata Vodopád - Malá Fatra";"Slovenská Republika";"Turistická známka";""
"654";"Múzeum dopravy - Rajecké Teplice";"Slovenská Republika";"Turistická známka";""
"655";"Rozhľadňa Vodárenská veža Prešov";"Slovenská Republika";"Turistická známka";""
"656";"Zádielska tiesňava - Cukrová homoľa - Slovenský kras";"Slovenská Republika";"Turistická známka";""
"657";"Turniansky hrad";"Slovenská Republika";"Turistická známka";""
"658";"Tatranská galéria Poprad";"Slovenská Republika";"Turistická známka";""
"659";"Banskoštiavnická kalvária";"Slovenská Republika";"Turistická známka";""
"660";"Drevený artikulárny kostol Hronsek";"Slovenská Republika";"Turistická známka";""
"661";"Slovenská národná knižnica";"Slovenská Republika";"Turistická známka";""
"662";"Košariska - rodny dom Štefanika";"Slovenská Republika";"Turistická známka";""
"663";"Vysoké Tatry - Veľké Hincovo pleso";"Slovenská Republika";"Turistická známka";""
"664";"Kúpele Sklené Teplice";"Slovenská Republika";"Turistická známka";""
"665";"NÁUČNÝ CHODNÍK ZVONIČKA - Nová Baňa";"Slovenská Republika";"Turistická známka";""
"666";"Mariánsky stĺp - Šahy";"Slovenská Republika";"Turistická známka";""
"667";"Mlyn Veľké Teriakovce";"Slovenská Republika";"Turistická známka";""
"668";"Západné Tatry - sedlo Zábrať 1656m";"Slovenská Republika";"Turistická známka";""
"669";"Hájske vodopády - Hájska dolina";"Slovenská Republika";"Turistická známka";""
"670";"Herľany - NPP Herliansky gejzír";"Slovenská Republika";"Turistická známka";""
"671";"Habánske múzeum Veľké Leváre";"Slovenská Republika";"Turistická známka";""
"672";"KYSUCKÁ HVEZDÁREŇ V KYSUCKOM NOVOM MESTE";"Slovenská Republika";"Turistická známka";""
"673";"Regionálne združenie hasičov a turistov Pruské";"Slovenská Republika";"Turistická známka";""
"674";"Görgeiho tunel - Kremnické vrchy";"Slovenská Republika";"Turistická známka";""
"675";"Ferdinandova dedičná štôlňa";"Slovenská Republika";"Turistická známka";""
"676";"Cyklomost Slobody - Devínska Nová Ves - Schlosshof";"Slovenská Republika";"Turistická známka";""
"677";"Dlhé Pole - Javorníky";"Slovenská Republika";"Turistická známka";""
"678";"Kapušiansky hrad";"Slovenská Republika";"Turistická známka";""
"679";"Tisovec";"Slovenská Republika";"Turistická známka";""
"680";"Liptovská Mara - Sielnicka zátoka";"Slovenská Republika";"Turistická známka";""
"681";"Levoča - klietka hanby";"Slovenská Republika";"Turistická známka";""
"682";"Múzeum dopravy Bratislava";"Slovenská Republika";"Turistická známka";""
"683";"Nitrianska poľná železnica";"Slovenská Republika";"Turistická známka";""
"684";"Kláštor na Skalke";"Slovenská Republika";"Turistická známka";""
"685";"Malé Karpaty - Kamzík 439m";"Slovenská Republika";"Turistická známka";""
"686";"Pamätník na Slavíne";"Slovenská Republika";"Turistická známka";""
"687";"Trenčianska elektrická železnica";"Slovenská Republika";"Turistická známka";""
"688";"Múzeum železníc - Rušňové depo Bratislava východ";"Slovenská Republika";"Turistická známka";""
"689";"Múzeum železníc - Výhrevňa Vrútky";"Slovenská Republika";"Turistická známka";""
"690";"Podžiar - Poludňové skaly, Malá Fatra";"Slovenská Republika";"Turistická známka";""
"691";"Čierna nad Tisou";"Slovenská Republika";"Turistická známka";""
"692";"Fiľakovský hrad";"Slovenská Republika";"Turistická známka";""
"693";"Železničné prekladisko Čierna nad Tisou";"Slovenská Republika";"Turistická známka";""
"694";"Staré hory - bazilika návštevy panny Márie";"Slovenská Republika";"Turistická známka";""
"695";"Historická banícka krčma, Špania dolina";"Slovenská Republika";"Turistická známka";""
"696";"Klokočovské skálie";"Slovenská Republika";"Turistická známka";""
"697";"Kamenné gule Milošová - Megoňky";"Slovenská Republika";"Turistická známka";""
"698";"PR Hričovec - prameň rieky Kysuca";"Slovenská Republika";"Turistická známka";""
"699";"Trojmedzie SK-CZ-PL";"Slovenská Republika";"Turistická známka";""
"700";"Staškov - rodný dom Jozefa Kronera";"Slovenská Republika";"Turistická známka";""
"701";"Mesto Turzovka";"Slovenská Republika";"Turistická známka";""
"702";"SKI Makov";"Slovenská Republika";"Turistická známka";""
"703";"Rozhľadňa na Veľkej Rači 1236m";"Slovenská Republika";"Turistická známka";""
"704";"Vojtovské minerálne pramene Čadca - Kysuce";"Slovenská Republika";"Turistická známka";""
"705";"Kalvária Oščadnica";"Slovenská Republika";"Turistická známka";""
"706";"Sudopark Klokočov - Kysuce";"Slovenská Republika";"Turistická známka";""
"707";"Snowparadise Oščadnica - Veľká Rača";"Slovenská Republika";"Turistická známka";""
"708";"Športovo - rekreačné centrum Oščadnica";"Slovenská Republika";"Turistická známka";""
"709";"Makov - Čierne";"Slovenská Republika";"Turistická známka";""
"710";"Raková - rodisko Jána Palárika";"Slovenská Republika";"Turistická známka";""
"711";"Vysoká nad Kysucou";"Slovenská Republika";"Turistická známka";""
"712";"Skalité - obec goralských slávnosti";"Slovenská Republika";"Turistická známka";""
"713";"Športcentrum Oščadnica";"Slovenská Republika";"Turistická známka";""
"714";"Skalité - Serafínov, Kysuce";"Slovenská Republika";"Turistická známka";""
"715";"Hrad Šomoška";"Slovenská Republika";"Turistická známka";""
"716";"Kamenný vodopád-NPR Šomoška";"Slovenská Republika";"Turistická známka";""
"717";"Kaplnka sv.Anny na Kýčere - Vysoká nad Kysucou";"Slovenská Republika";"Turistická známka";""
"718";"Terchovský vláčik Terchová";"Slovenská Republika";"Turistická známka";""
"719";"Hrad Šariš";"Slovenská Republika";"Turistická známka";""
"720";"Ferrata HZS na Martinské hole - Malá Fatra";"Slovenská Republika";"Turistická známka";""
"721";"Krížava 1453m - Martinské hole";"Slovenská Republika";"Turistická známka";""
"722";"Minčol 1364m - Martinské hole";"Slovenská Republika";"Turistická známka";""
"723";"Vrbov";"Slovenská Republika";"Turistická známka";""
"724";"Západné Tatry - Račkove plesá";"Slovenská Republika";"Turistická známka";""
"725";"Západné Tatry - Bystré plesá";"Slovenská Republika";"Turistická známka";""
"726";"Západné tatry - Jamnícke plesá";"Slovenská Republika";"Turistická známka";""
"727";"Útulňa Andrejcová - Nízke Tatry";"Slovenská Republika";"Turistická známka";""
"728";"Baťov kanál - Prístav Skalica";"Slovenská Republika";"Turistická známka";""
"729";"Lyžiarske stredisko Roháče - Spálená 1037 - 1498m - Západné Tatry";"Slovenská Republika";"Turistická známka";""
"730";"Malá baňa 361 m - Malé Karpaty";"Slovenská Republika";"Turistická známka";""
"731";"Rozhľadňa Terchovské srdce";"Slovenská Republika";"Turistická známka";""
"732";"Vyhliadka na Belských skalách 1.sektor - Malá Fatra";"Slovenská Republika";"Turistická známka";""
"733";"Vyhliadka na Belských skalách 2 sektor - Malá Fatra";"Slovenská Republika";"Turistická známka";""
"734";"Vyhliadka na Belských skalách 4 sektor - Malá Fatra";"Slovenská Republika";"Turistická známka";""
"735";"Mesto Humenné";"Slovenská Republika";"Turistická známka";""
"736";"Pamätník padlých partizánov Cetuna";"Slovenská Republika";"Turistická známka";""
"737";"Renesančný kaštieľ Diviaky";"Slovenská Republika";"Turistická známka";""
"738";"Mesto Lučenec";"Slovenská Republika";"Turistická známka";""
"739";"Neogotický kaštieľ Galanta";"Slovenská Republika";"Turistická známka";""
"740";"Chata Andreja Kmeťa na Sitne 999 m - Štiavnické vrchy";"Slovenská Republika";"Turistická známka";""
"741";"Kaplnka sv.Huberta - Ľuborčianska dolina";"Slovenská Republika";"Turistická známka";""
"742";"Studníčka pod Košármi - Ľuborčianska dolina";"Slovenská Republika";"Turistická známka";""
"743";"Fragment lesnej železničky - Ľuborčianska dolina";"Slovenská Republika";"Turistická známka";""
"744";"Náučný chodník Ľuborčianska dolina - Biele Karpaty";"Slovenská Republika";"Turistická známka";""
"745";"Zrubová zvonica - Trenčianska Závada";"Slovenská Republika";"Turistická známka";""
"746";"Pamätník SNP na vrchu Roh";"Slovenská Republika";"Turistická známka";""
"747";"Banské múzeum Kremnica";"Slovenská Republika";"Turistická známka";""
"748";"Ruská Bystrá - Chrám prenesenia ostatkov sv. Mikuláša z r. 1730";"Slovenská Republika";"Turistická známka";""
"749";"Rozhľadňa Považský Inovec";"Slovenská Republika";"Turistická známka";""
"750";"Expozícia miniatúr tatranských chát Hrebienok";"Slovenská Republika";"Turistická známka";""
"751";"Mesto Senec";"Slovenská Republika";"Turistická známka";""
"752";"Slnečné jazerá";"Slovenská Republika";"Turistická známka";""
"753";"Mesto Krompachy";"Slovenská Republika";"Turistická známka";""
"754";"Slovensko - poľský most cez dunajec";"Slovenská Republika";"Turistická známka";""
"755";"Vyhliadka Malý Roháč - Kvačianska dolina";"Slovenská Republika";"Turistická známka";""
"756";"Ráztocký vodopád - Kvačianska dolina";"Slovenská Republika";"Turistická známka";""
"757";"Hrad Brekov";"Slovenská Republika";"Turistická známka";""
"758";"Sabinov - Obchod na korze";"Slovenská Republika";"Turistická známka";""
"759";"Sváko Ragan z Brezovej pod Bradlom";"Slovenská Republika";"Turistická známka";""
"760";"Rozhľadňa Krajčov vrch 980 m - Nižná Boca - Nízke Tatry";"Slovenská Republika";"Turistická známka";""
"761";"Vihorlatské múzeum Humenné";"Slovenská Republika";"Turistická známka";""
"762";"Rozhľadňa na Jelenci";"Slovenská Republika";"Turistická známka";""
"763";"Horský hotel Srdiečko - Nízke Tatry";"Slovenská Republika";"Turistická známka";""
"764";"Nízke Tatry - Bystrá";"Slovenská Republika";"Turistická známka";""
"765";"Vyhliadka na Kobylinách, Chočské vrchy";"Slovenská Republika";"Turistická známka";""
"766";"Levočská dolina";"Slovenská Republika";"Turistická známka";""
"767";"Tatralandia Liptovský Mikuláš";"Slovenská Republika";"Turistická známka";""
"768";"Hrabová Roztoka, Cerkov sv.Bazila Veľkého";"Slovenská Republika";"Turistická známka";""
"769";"Šmigovec - Cerkov Nanebovstúpenia Pána";"Slovenská Republika";"Turistická známka";""
"770";"Šumiac";"Slovenská Republika";"Turistická známka";""
"771";"Liptovský Ján";"Slovenská Republika";"Turistická známka";""
"772";"ZOO Kontakt Liptovský Mikuláš";"Slovenská Republika";"Turistická známka";""
"773";"Kvačianska dolina, Chočské vrchy";"Slovenská Republika";"Turistická známka";""
"774";"Mariánske pútnické miesto Živčáková - Kysuce";"Slovenská Republika";"Turistická známka";""
"775";"Zbojnícke studničky Nová Baňa";"Slovenská Republika";"Turistická známka";""
"776";"Slovenský raj, Ferrata HZS Veľký Kyseľ";"Slovenská Republika";"Turistická známka";""
"777";"Kaplnka Panny Márie Turzovka - Živčáková";"Slovenská Republika";"Turistická známka";""
"778";"Markušovský skalný hríb - Volovské vrchy";"Slovenská Republika";"Turistická známka";""
"779";"Vojenské historické múzeum - Piešťany";"Slovenská Republika";"Turistická známka";""
"780";"Vyhliadka z veže baziliky sv.Jakuba - Levoča";"Slovenská Republika";"Turistická známka";""
"781";"Mesto Leopoldov";"Slovenská Republika";"Turistická známka";""
"782";"Spišský Jeruzalem - Kaplnka sv. Rozálie - Levočské vrchy";"Slovenská Republika";"Turistická známka";""
"783";"Nestwille park Hniezdne";"Slovenská Republika";"Turistická známka";""
"784";"Veľkofatranské turistické vrcholy - Ploská";"Slovenská Republika";"Turistická známka";""
"785";"Blatnica";"Slovenská Republika";"Turistická známka";""
"786";"KOZIE VRCHY - Poprad - Kvetnica";"Slovenská Republika";"Turistická známka";""
"787";"Svätojánska rozhľadňa v Liptovskom Jáne";"Slovenská Republika";"Turistická známka";""
"788";"Nízke Tatry - Ohnište 1538 m";"Slovenská Republika";"Turistická známka";""
"789";"Chata na Kubínskej holi - Oravská Magura";"Slovenská Republika";"Turistická známka";""
"790";"Čierny Balog - J. D. Matejovie";"Slovenská Republika";"Turistická známka";""
"791";"Krížna - Veľkofatranské vrcholy";"Slovenská Republika";"Turistická známka";""
"792";"Beňatina - rodisko biskupa Andreja Bačinského";"Slovenská Republika";"Turistická známka";""
"793";"Chrám sv.Bazila Podhoroď";"Slovenská Republika";"Turistická známka";""
"794";"Chata Magurka 1050m - Nízke Tatry";"Slovenská Republika";"Turistická známka";""
"795";"Zemplínske hámre";"Slovenská Republika";"Turistická známka";""
"796";"AQUA SPA Gánovce";"Slovenská Republika";"Turistická známka";""
"797";"NKP Brežany - Chrám sv.Lukáša Evanjelistu";"Slovenská Republika";"Turistická známka";""
"798";"Gašpar Gondek Kasper - prvý pĺtnik na Dunajci";"Slovenská Republika";"Turistická známka";""
"799";"Oravská Magura - Minčol - Puchmajerovej jazierko";"Slovenská Republika";"Turistická známka";""
"800";"Observatorium a vyhliadky na Lomnickom štíte";"Slovenská Republika";"Turistická známka";""
"801";"Dobšiná";"Slovenská Republika";"Turistická známka";""
"802";"Telgárt";"Slovenská Republika";"Turistická známka";""
"803";"Rašelinisko Peciská - Západné Tatry";"Slovenská Republika";"Turistická známka";""
"804";"Rotunda sv.Juraja - Nitrianska Blatnica";"Slovenská Republika";"Turistická známka";""
"805";"Múzeum Janka Kráľa a Jánošíkova mučiareň v Liptovskom Mikuláši";"Slovenská Republika";"Turistická známka";""
"806";"Mýto pod Ďumbierom";"Slovenská Republika";"Turistická známka";""
"807";"Rozhľadňa na Marháte 748 m - Považský Inovec";"Slovenská Republika";"Turistická známka";""
"808";"Krupová 1080 m - Nízke Tatry";"Slovenská Republika";"Turistická známka";""
"809";"Kostol a kláštor sv. Kataríny Alexandrijskej Dechtice";"Slovenská Republika";"Turistická známka";""
"810";"Nový evanjelický kostol Kežmarok 1894";"Slovenská Republika";"Turistická známka";""
"811";"Múzeum starej lanovky Von Roll Nízke Tatry Chopok Juh";"Slovenská Republika";"Turistická známka";""
"812";"Dereše 2004 m - Nízke Tatry";"Slovenská Republika";"Turistická známka";""
"813";"CHODNÍK KORUNAMI STROMOV BACHLEDKA";"Slovenská Republika";"Turistická známka";""
"814";"Geopark Novohrad";"Slovenská Republika";"Turistická známka";""
"815";"Markušovská šikľavá skala";"Slovenská Republika";"Turistická známka";""
"816";"Nestville chocolate Hniezdne";"Slovenská Republika";"Turistická známka";""
"817";"Pamätný dom J.G.Tajovského v Tajove";"Slovenská Republika";"Turistická známka";""
"818";"Vodopád Bystrô - Poľana";"Slovenská Republika";"Turistická známka";""
"819";"Turistická útulňa Javorinka - Poľana";"Slovenská Republika";"Turistická známka";""
"820";"Město Hriňová";"Slovenská Republika";"Turistická známka";""
"821";"Hriňová - Stoliarsko - najstarší drevený kríž";"Slovenská Republika";"Turistická známka";""
"822";"Vígľašský zámok";"Slovenská Republika";"Turistická známka";""
"823";"Rozhľadňa Háj Nová Baňa";"Slovenská Republika";"Turistická známka";""
"824";"Ski museum Tatranská Lomnica";"Slovenská Republika";"Turistická známka";""
"825";"Kaštieľ Chtelnica";"Slovenská Republika";"Turistická známka";""
"826";"Kaštieľ Stropkov";"Slovenská Republika";"Turistická známka";""
"827";"Archeopark Hanušovce nad Topľou";"Slovenská Republika";"Turistická známka";""
"828";"Rákociho palác - Prešov";"Slovenská Republika";"Turistická známka";""
"829";"Kaštieľ Malacky";"Slovenská Republika";"Turistická známka";""
"830";"Kremnické vrchy - ferraty na Kremnickej skale";"Slovenská Republika";"Turistická známka";""
"831";"Trávnicka veterná studňa";"Slovenská Republika";"Turistická známka";""
"832";"Opatovské rybníky";"Slovenská Republika";"Turistická známka";""
"833";"Šípska Fatra - Šíp 1170 m";"Slovenská Republika";"Turistická známka";""
"834";"Šípska Fatra - Hrdošná skala 902 m";"Slovenská Republika";"Turistická známka";""
"835";"Šípska Fatra - Studničná";"Slovenská Republika";"Turistická známka";""
"836";"Kaštieľ Modra";"Slovenská Republika";"Turistická známka";""
"837";"Poloniny - Runinský vodopád";"Slovenská Republika";"Turistická známka";""
"838";"Rozhľadňa Strečno na Špicáku";"Slovenská Republika";"Turistická známka";""
"839";"Vyhliadková veža Lipky Unín";"Slovenská Republika";"Turistická známka";""
"840";"Veľkofatranské turistické vrcholy - Ostredok 1592 m n.m.";"Slovenská Republika";"Turistická známka";""
"841";"Veľká Fatra - Turecká";"Slovenská Republika";"Turistická známka";""
"842";"Javorníky - Brest u Papaji";"Slovenská Republika";"Turistická známka";""
"843";"Javorníky - Rozhľadňa Štiavnik";"Slovenská Republika";"Turistická známka";""
"844";"Javorníky - Rozhľadňa Luby";"Slovenská Republika";"Turistická známka";""
"845";"Pamätník bojovej družby v SNP 1944 - Makovský priesmyk";"Slovenská Republika";"Turistická známka";""
"846";"Chata Energetik Plejsy - Volovské vrchy";"Slovenská Republika";"Turistická známka";""
"847";"Javorníky - Korniansky ropný prameň";"Slovenská Republika";"Turistická známka";""
"848";"Tokajík";"Slovenská Republika";"Turistická známka";""
"849";"Drevený chrám sv. Paraskievy - Potoky";"Slovenská Republika";"Turistická známka";""
"850";"Stropkov";"Slovenská Republika";"Turistická známka";""
"851";"Thermalpark Dunajská Streda";"Slovenská Republika";"Turistická známka";""
"852";"Vyhliadková veža Bojnice";"Slovenská Republika";"Turistická známka";""
"853";"RÁD PREMONŠTRÁTOV - OPÁTSTVO JASOV";"Slovenská Republika";"Turistická známka";""
"854";"Valaská Dubová - Jánošíková krčma";"Slovenská Republika";"Turistická známka";""
"855";"Stoh - Malá Fatra";"Slovenská Republika";"Turistická známka";""
"856";"Mesto Stará Turá";"Slovenská Republika";"Turistická známka";""
"857";"Hrad Uhrovec";"Slovenská Republika";"Turistická známka";""
"858";"Vojenský cintorín Važec";"Slovenská Republika";"Turistická známka";""
"859";"Evanjelické lýceum Kežmarok 1776";"Slovenská Republika";"Turistická známka";""
"860";"Jakubská cesta spišská vetva - Levoča";"Slovenská Republika";"Turistická známka";""
"861";"Jakubská cesta Šarišsko-spišská trasa Prešov-Levoča";"Slovenská Republika";"Turistická známka";""
"862";"Mesto Svit";"Slovenská Republika";"Turistická známka";""
"863";"Drevený kostol Starý Smokovec";"Slovenská Republika";"Turistická známka";""
"864";"NPR Veľká Bránica-Malá Fatra";"Slovenská Republika";"Turistická známka";""
"865";"Jarabinský prielom - Ľubovnianska vrchovina";"Slovenská Republika";"Turistická známka";""
"866";"Kozí kameň 1255 m-Kozie chrbty";"Slovenská Republika";"Turistická známka";""
"867";"Po stopách baníckej slávy v Novej Bani";"Slovenská Republika";"Turistická známka";""
"868";"Ľubietová";"Slovenská Republika";"Turistická známka";""
"869";"Panorámy pod Ostrou horou - Biele Karpaty";"Slovenská Republika";"Turistická známka";""
"870";"Galéria Márie Medveckej - Tvrdošín";"Slovenská Republika";"Turistická známka";""
"871";"Zbyňovský budzogáň 670 m - Súľovské skaly";"Slovenská Republika";"Turistická známka";""
"872";"Mesto Topoľčany";"Slovenská Republika";"Turistická známka";""
"873";"Vyhliadková veža Dubeň";"Slovenská Republika";"Turistická známka";""
"874";"Jakubská cesta stredoslovenská trasa, Donovaly-Banská Bystrica";"Slovenská Republika";"Turistická známka";""
"875";"Náučný banský chodník - Ľubietová";"Slovenská Republika";"Turistická známka";""
"876";"Múzeum Andreja Sládkoviča v Krupine";"Slovenská Republika";"Turistická známka";""
"877";"Čachtické podzemie";"Slovenská Republika";"Turistická známka";""
"878";"Thermalpark Dunajská Streda - Welnes bazén";"Slovenská Republika";"Turistická známka";""
"879";"Báťkova lipa na Šulekovom vrchu - chránený strom";"Slovenská Republika";"Turistická známka";""
"880";"Kostol Fatimskej panny Márie v Hriňovej";"Slovenská Republika";"Turistická známka";""
"881";"Kostol sv.Petra a Pavla v Hriňovej";"Slovenská Republika";"Turistická známka";""
"882";"Hriňovská drevenica Štefana Nosáľa";"Slovenská Republika";"Turistická známka";""
"883";"Podpoliansky kríž v Hriňovej";"Slovenská Republika";"Turistická známka";""
"884";"Gazdovanie na Hriňovských lazoch - Slanec";"Slovenská Republika";"Turistická známka";""
"885";"Slovenské more v Podhájskej";"Slovenská Republika";"Turistická známka";""
"886";"Havrania skala - Slovenský raj";"Slovenská Republika";"Turistická známka";""
"887";"Jánošíkov dom - Terchová";"Slovenská Republika";"Turistická známka";""
"888";"Kláštorská skala 1279m - Vtáčnik";"Slovenská Republika";"Turistická známka";""
"889";"Hrádok pod Vtáčnikom 662m - Vtáčnik";"Slovenská Republika";"Turistická známka";""
"890";"Chocholná - Velčice";"Slovenská Republika";"Turistická známka";""
"891";"Sokolí kameň - Biele Karpaty";"Slovenská Republika";"Turistická známka";""
"892";"Hvezdáreň v Michalovciach";"Slovenská Republika";"Turistická známka";""
"893";"Synagóga v Lučenci";"Slovenská Republika";"Turistická známka";""
"894";"Sitniansky hrad";"Slovenská Republika";"Turistická známka";""
"895";"Hrad Gýmeš";"Slovenská Republika";"Turistická známka";""
"896";"Oponický hrad";"Slovenská Republika";"Turistická známka";""
"897";"Topoľčiansky hrad";"Slovenská Republika";"Turistická známka";""
"898";"Lipa Kráľa Mateja v Bojniciach";"Slovenská Republika";"Turistická známka";""
"899";"Pamätník SNP na Jankovom vŕšku";"Slovenská Republika";"Turistická známka";""
"900";"Partizánske bunkre na Jankovom vŕšku";"Slovenská Republika";"Turistická známka";""
"901";"Jaskyňa Čertová pec";"Slovenská Republika";"Turistická známka";""
"902";"Mesto Podolínec";"Slovenská Republika";"Turistická známka";""
"903";"Kláštor Redemptoristov - Podolínec";"Slovenská Republika";"Turistická známka";""
"904";"Železničná stanica a múzeum v Trnave";"Slovenská Republika";"Turistická známka";""
"905";"Pamätník úzkorozchodnej lesnej železnice vo Vígľaši";"Slovenská Republika";"Turistická známka";""
"906";"Obišovský hrad";"Slovenská Republika";"Turistická známka";""
"907";"Rozhľadňa Čerešenka-Slánske vrchy";"Slovenská Republika";"Turistická známka";""
"908";"NKP Kalište";"Slovenská Republika";"Turistická známka";""
"909";"Jánošíkova bašta - Čierna hora";"Slovenská Republika";"Turistická známka";""
"910";"Sivec - Čierna hora";"Slovenská Republika";"Turistická známka";""
"911";"Hvezdáreň a planetárium Prešov";"Slovenská Republika";"Turistická známka";""
"912";"Poliankovo - Digitálna galéria";"Slovenská Republika";"Turistická známka";""
"913";"Medvedie - Drevený chrám Sv. Veľkomučeníka Dimitrija Solúnskeho";"Slovenská Republika";"Turistická známka";""
"914";"Záhradný les - Nová Baňa";"Slovenská Republika";"Turistická známka";""
"915";"Vodopád Červené piesky - Chočské vrchy";"Slovenská Republika";"Turistická známka";""
"916";"Rastlinný kostol sv.Ladislava";"Slovenská Republika";"Turistická známka";""
"917";"Mesto Nesvady";"Slovenská Republika";"Turistická známka";""
"918";"Thermálpark Nesvady-Naszvad";"Slovenská Republika";"Turistická známka";""
"919";"Bridlicová štôlňa v Marianskom údolí";"Slovenská Republika";"Turistická známka";""
"920";"Oravská Magura - Kubínska hoľa";"Slovenská Republika";"Turistická známka";""
"921";"Premoštrátsky kostol a kláštor - Šahy";"Slovenská Republika";"Turistická známka";""
"922";"Náučný chodník Považský Inovec";"Slovenská Republika";"Turistická známka";""
"923";"Ihráčske kamenné more - Kremnické vrchy";"Slovenská Republika";"Turistická známka";""
"924";"Rozhľadňa na Pustom vrchu - Veporské vrchy";"Slovenská Republika";"Turistická známka";""
"925";"Poludnica - Nízke Tatry";"Slovenská Republika";"Turistická známka";""
"926";"Strom zaľúbencov - Starý Smokovec - Vysoké Tatry";"Slovenská Republika";"Turistická známka";""
"927";"Rozhľadňa Hájnica pri Haluziciach - Biele Karpaty";"Slovenská Republika";"Turistická známka";""
"928";"Haluzická tiesňava - Biele Karpaty";"Slovenská Republika";"Turistická známka";""
"929";"Haluzický kostol";"Slovenská Republika";"Turistická známka";""
"930";"Čerhov";"Slovenská Republika";"Turistická známka";""
"931";"Rohľadňa na hrebeni Holíč - Malé Karpaty";"Slovenská Republika";"Turistická známka";""
"932";"Holíčske megality";"Slovenská Republika";"Turistická známka";""
"933";"Vyhliadková veža Devínska kobyla - Malé Karpaty";"Slovenská Republika";"Turistická známka";""
"934";"Jaskyňa Silická ľadnica";"Slovenská Republika";"Turistická známka";""
"935";"Veľký Manín";"Slovenská Republika";"Turistická známka";""
"936";"Slovenské národné múzeum - Múzeum Ľudovíta Štúra, Modra";"Slovenská Republika";"Turistická známka";""
"937";"Hrad Hričov";"Slovenská Republika";"Turistická známka";""
"938";"Mníchova Lehota";"Slovenská Republika";"Turistická známka";""
"939";"Hrad Šášov";"Slovenská Republika";"Turistická známka";""
"940";"Hrad Revište";"Slovenská Republika";"Turistická známka";""
"941";"Hrad Breznica";"Slovenská Republika";"Turistická známka";""
"942";"Hrad Rudno";"Slovenská Republika";"Turistická známka";""
"943";"Hrad Teplica";"Slovenská Republika";"Turistická známka";""
"944";"Skalné sanktuárium božieho milosrdenstva - Hora Butkov";"Slovenská Republika";"Turistická známka";""
"945";"Vysoké Skalky - Pieniny 1050 m n.m.";"Slovenská Republika";"Turistická známka";""
"946";"Lesný náučný chodník Čierna mláka";"Slovenská Republika";"Turistická známka";""
"947";"Cesta hrdinov SNP";"Slovenská Republika";"Turistická známka";""
"948";"Žabia cesta - Levoča";"Slovenská Republika";"Turistická známka";""
"949";"Hrad Hrušov";"Slovenská Republika";"Turistická známka";""
"950";"Chata pod sedlom Čertovica - Nízke Tatry";"Slovenská Republika";"Turistická známka";""
"951";"Včelársky náučný chodník Ľuborča";"Slovenská Republika";"Turistická známka";""
"952";"Zvonica sv.Ambróza Ľuborča";"Slovenská Republika";"Turistická známka";""
"953";"Múzeum slovenskej dediny Martin - Drevený kostol z Rudna";"Slovenská Republika";"Turistická známka";""
"954";"Najvyššie položená rýchliková stanica ŽSR Štrba 895 m n.m.";"Slovenská Republika";"Turistická známka";""
"955";"Lávka cez rieku Poprad Sulín - Zegiestow";"Slovenská Republika";"Turistická známka";""
"956";"Depo cafe Telgárt";"Slovenská Republika";"Turistická známka";""
"957";"Rímsky nápis na hradnej skale v Trenčíne";"Slovenská Republika";"Turistická známka";""
"958";"Termálne kúpalisko Podhájska - Sedací bazén";"Slovenská Republika";"Turistická známka";""
"959";"Military museum slovakia ring Orechová Potôň";"Slovenská Republika";"Turistická známka";""
"960";"Masarykov dvor";"Slovenská Republika";"Turistická známka";""
"961";"Horská chata pod Kráľovou hoľou - Nízke Tatry";"Slovenská Republika";"Turistická známka";""
"962";"Horský maratón bratstva - Veľká Javorina - Biele Karpaty";"Slovenská Republika";"Turistická známka";""
"963";"Dom hore nohami";"Slovenská Republika";"Turistická známka";""
"964";"Múzeum Martina Benku - Slovenské národné múzeum v Martine";"Slovenská Republika";"Turistická známka";""
"965";"Múzeum Andreja Kmeťa - Slovenské národné múzeum v Martine";"Slovenská Republika";"Turistická známka";""
"966";"Etnografické múzeum - Slovenské národné múzeum v Martine";"Slovenská Republika";"Turistická známka";""
"967";"Prečerpávacia vodná elektráreň Čierny Váh";"Slovenská Republika";"Turistická známka";""
"968";"Syslovisko Biele vody - Muránska planina";"Slovenská Republika";"Turistická známka";""
"969";"Muráň";"Slovenská Republika";"Turistická známka";""
"970";"Slavkovská vyhliadka - Maximiliánka - Vysoké tatry";"Slovenská Republika";"Turistická známka";""
"971";"Veterný mlyn v Holíči";"Slovenská Republika";"Turistická známka";""
"972";"Papilónia Bratislava";"Slovenská Republika";"Turistická známka";""
"973";"Martinské hole - Malá Fatra";"Slovenská Republika";"Turistická známka";""
"974";"Symbolický cintorín v Malej Fatre - Vrátna dolina";"Slovenská Republika";"Turistická známka";""
"975";"Veľkofatranské vrcholy Borišov 1510 m n.m.";"Slovenská Republika";"Turistická známka";""
"976";"Areál bežeckého lyžovania Levoča Nordic centrum";"Slovenská Republika";"Turistická známka";""
"977";"Spišské diecézne múzeum Spišská kapitula";"Slovenská Republika";"Turistická známka";""
"978";"Vodné dielo Gabčíkovo";"Slovenská Republika";"Turistická známka";""
"979";"Javornický hrebeň - Bistro Vintrovka 2";"Slovenská Republika";"Turistická známka";"Bistro Vintrovka, rozhledna Obecnice"
"980";"Chata Javorina 1412 m n. m. - Veľká Fatra - Martinky";"Slovenská Republika";"Turistická známka";""
"981";"Fontána vodníka Valentína v Trenčíne";"Slovenská Republika";"Turistická známka";""
"982";"Gymnaziálny kostol v Levoči";"Slovenská Republika";"Turistická známka";""
"983";"Stredoveký kláštor minoritov v Levoči";"Slovenská Republika";"Turistická známka";""
"984";"Renesančná radnica v Levoči - zasadacia sieň";"Slovenská Republika";"Turistická známka";""
"985";"Spišské múzeum v Levoči - výstavná sieň";"Slovenská Republika";"Turistická známka";""
"986";"Poľovnícky kaštieľ Palárikovo";"Slovenská Republika";"Turistická známka";""
"987";"Veľkofatranské vrcholy - Skalná Alpa";"Slovenská Republika";"Turistická známka";""
"988";"Levočská biela pani";"Slovenská Republika";"Turistická známka";""
"989";"Horská chata Smrekovica";"Slovenská Republika";"Turistická známka";""
"990";"Múzeum vtedy, Prievidza";"Slovenská Republika";"Turistická známka";""
"991";"Hrad Lednica";"Slovenská Republika";"Turistická známka";""
"992";"Záhorské múzeum v Skalici";"Slovenská Republika";"Turistická známka";""
"993";"Katov dom - Trenčín";"Slovenská Republika";"Turistická známka";""
"994";"Protipožiarna monitorovacia veža Ibovka";"Slovenská Republika";"Turistická známka";""
"995";"NBS – Múzeum mincí a medailí v Kremnici";"Slovenská Republika";"Turistická známka";""
"996";"Dedečkova chata - Nízke Tatry";"Slovenská Republika";"Turistická známka";""
"997";"Vihorlat - Vihorlatské vrchy";"Slovenská Republika";"Turistická známka";""
"998";"Mesto Bojnice";"Slovenská Republika";"Turistická známka";""
"999";"Wood landia - Liptovská Anna - Chočské vrchy";"Slovenská Republika";"Turistická známka";""
